product_title,product_price,product_rating,product_bullets,product_tech_details,product_reviews
"Apple AirPods Max Wireless Over-Ear Headphones, Pro-Level Active Noise Cancellation, Transparency Mode, Personalized Spatial Audio, USB-C Charging, Bluetooth Headphones for iPhone - Starlight",$449.99 with 18 percent savings,4.6 out of 5 stars,"ULTIMATE OVER-EAR LISTENING EXPERIENCE — Apple-designed dynamic driver provides high-fidelity audio. Computational audio combines custom acoustic design with the Apple H1 chip and software for breakthrough listening experiences.    FIVE FRESH COLORS — AirPods Max come in five fresh colors: Midnight, Starlight, Blue, Purple, and Orange. A color-matched Smart Case is also included.    FOCUS ON WHAT’S PLAYING — Pro-level Active Noise Cancellation removes up to 2x more background noise, so you can immerse yourself in music.*    HEAR THE WORLD AROUND YOU — Transparency mode lets you comfortably hear and interact with the world around you.    PERSONALIZED SPATIAL AUDIO — With sound that suits your unique ear shape along with dynamic head tracking, AirPods Max deliver an immersive listening experience that places sound all around you.* You can also listen to select songs, shows, and movies in Dolby Atmos.    ACOUSTIC-FIRST DESIGN — Designed with a knit-mesh canopy and memory foam ear cushions for an exceptional over-ear fit that perfectly seals in sound.    MAGICAL EXPERIENCE — Pair AirPods Max by simply placing them near your device and tapping Connect on your screen.* AirPods Max pause audio when you take them off. And Automatic Switching makes listening between your iPhone, iPad, and Mac completely effortless.*","Noise Control  
                                                    ‎Active Noise Cancellation     Headphones Jack  
                                                    ‎USB-C     Model Name  
                                                    ‎AirPods Max     Connectivity Technology  
                                                    ‎Bluetooth, Wired, Wireless     Wireless Communication Technology  
                                                    ‎Bluetooth     Included Components  
                                                    ‎AirPods Max (USB‑C), Documentation, Smart Case, USB-C Charge Cable     Age Range (Description)  
                                                    ‎Adult     Material  
                                                    ‎Polyester     Specific Uses For Product  
                                                    ‎Entertainment, Gaming, Travel     Recommended Uses For Product  
                                                    ‎Calling, Cycling, Exercising, Gaming, Recording     Compatible Devices  
                                                    ‎Cellphones, Desktops, Laptops, Music Production Equipment, Tablets     Control Type  
                                                    ‎Siri     Cable Feature  
                                                    ‎Without Cable     Item Weight  
                                                    ‎3.3 Pounds     Water Resistance Level  
                                                    ‎Not Water Resistant     Style  
                                                    ‎USB-C     Control Method  
                                                    ‎Touch, Voice     Number of Items  
                                                    ‎1     Controller Type  
                                                    ‎Button, Siri     Battery Life  
                                                    ‎20 Hours     Audio Driver Type  
                                                    ‎Dynamic Driver     Bluetooth Version  
                                                    ‎5     UPC  
                                                    ‎195949544033     Special Feature  
                                                    ‎Built-In Voice Assistant, Microphone Included, Noise Cancellation, Touch Control     Global Trade Identification Number  
                                                    ‎30195949544034     Manufacturer  
                                                    ‎Apple     Product Dimensions  
                                                    ‎24.35 x 23.99 x 8.1 inches     Item Weight  
                                                    ‎3.3 pounds     ASIN  
                                                    ‎B0DGJKT2X9     Item model number  
                                                    ‎MWW53AM/A     Batteries  
                                                    ‎1 Lithium Ion batteries required. (included)     Date First Available  
                                                    ‎September 9, 2024","I’ve been using the Apple AirPods Max for a while now, and they truly feel like a luxury pair of headphones. From the moment you take them out of the box, the build quality stands out. The aluminum ear cups and mesh headband feel incredibly premium, and everything about them looks and feels high-end.Sound quality is the biggest highlight. The bass is deep and controlled, the mids are clear (especially vocals), and the highs are crisp without being harsh. The soundstage is wide and immersive, which makes music, movies, and even gaming feel more cinematic.The active noise cancellation is excellent—it blocks out background noise like traffic, airplanes, and people talking. Transparency mode is also very natural, so you can hear what’s going on around you without taking the headphones off.If you use an iPhone, iPad, or Mac, the Apple ecosystem integration is amazing. They connect instantly, switch between devices automatically, and Spatial Audio with head tracking makes movies and music feel like surround sound.Battery life is solid at around 20 hours with noise cancellation on. They’re also very comfortable, though they are heavier than some other headphones, which you might notice during very long listening sessions
Read more
They work very well, audio quality is high, battery is long lasting, very light weight and comfortable, noise cancellation is top tier, and the physical controls on the top beat all of the stupid motion and tap controls of other headphones. Only worth it if you have an iPhone, the integration is flawless.
Read more
I am a certified audio engineer for music/films so this review is coming from that perspective.EXEC SUMMARY: if this fits in your budget or you can stretch these, GET THEM! Omg! The sound. The comfort. The battery life. Wow. Now onto the specifics.I’ll start with the one negative I’ve consistently read/heard from reviews: the weight. They are noticeably heavy taking them out of the box. BUT- not a worry. You will never feel this weight wearing them b/c they are SO COMFY. You actually do forget that there is even a headband (probably the biggest reason they are so comfy, but the extra large cans also as it never interferes with your ear). As i write this now I’ve been wearing these for 18 straight hours. Still don’t feel them or am cognizant of them being on beyond the sound coming into my ear (and especially with Spatial Audio since it mimics the audio as if it’s coming from your surroundings).CLARITY: We’ll start with the sound first (why we buy these things right?) UNREAL. As a certified audio engineer i can’t believe this sound is possible from headphones. Imagine the best surround sound experience in a theatre you ever experienced- believe it or not this is even better than that. The sub-woofer effect is better than any sub-woofer experience I’ve had regardless of form or venue or location. That’s “holy cow how is that possible” component #1. #2 is the spec i read that convinced me to get these- automatic multi-band compression. This is stuff only the most advanced audio engineers do but so complicated and easily F’s up your mix even if everything else is perfect. Basically different components to sound are where different things sit mostly, like vocals, high ends, sub-woof rumbles, filler/thickness of sound. Those are what the “bands” mean. To automate and smooth out each band/category so it’s always at the optimal level is just… freaking next level. Most audio engineers dont’ even touch this (myself included) it’s so intricate. THESE HEADPHONES DO IT AUTOMATICALLY! And yeah.. wow. The cleanest, clearest, yet deepest, thickest, intricate sound I’ve ever experienced.CONNECTIVITY: can’t speak for droids as i am apple ecosystem. It auto detects if you put these on or not and that’s better than the earbuds who connect as soon as you take them out of the case/charger. it immediately disconnects and stops when yo lift them off your ears. Nice.FUNCTIONALITY: Apple ecosystem-ish here too. I prefer HEY SIRI which I’ll explain later. One weird thing is this. Sometimes when I’m playing a DOLBY ATMOS or surround selection, the settings say “SPATIAL AUDIO NOT AVAILABLE” and is greyed out as if it’s off, yet it’s actually clearly working and on. So if you’re a Spatial Audio person and turn it on, just know it is always working when anything is actually mixed to be so- no worries.CONTROL BUTTONS: The one gripe i have is here. The volume scroll button is way too easy to accidentally touch and thus I’ve turned up the volume quite a bit many times not meaning to. HEY SIRI works great so i just do that instead. 2 buttons: operation (scroll wheel for volume that is also a button for music/phone control- start/stop/forward/back or answer/end/hold, etc), mode button (noise cancellation enable/disable/off <- to save battery). But everything except Spatial Audio (that i can tell) can be done via HEY SIRI.DURABILITY: obviously i can not test this having these for less than 24 hrs but what I CAN say is what everybody else has said- the quality of build and materials is OBVIOUS. No plastic. The fabric/flexi headband is not only comfortable but also won’t disfigure or crack or break. Other parts are metal so will hold up better also. And because it’s so comfy you won’t need to be adjusting or moving it like you do most other ones (or at least i do) so less touching and adjusting means less human wear and tear. Oh and i love that the actual ear pieces are magnetic which means if either ear piece/speakers go bad, it probably means we can buy replacements and keep these going as long as we want without needing to buy a whole new set down the road. LOVE IT!SUMMARY: yeah. If you can afford or splurge- so way and above better than anything else I’ve tried. And I’ve tried a lot over the years (mostly earbuds). My go to previous to this (and will now use as my gym set) are the Bose QuiteComforts. They don’t even compare in sound, comfort, battery life, controls, build quality, noise cancellation/isolation, and just that “it factor” in experience. IMMEDIATELY noticeable. And that’s from a certified audio engineer of music/film perspective.WHO WON’T LIKE THESE: those that want boomy boomy heavy bass (as most people do). These are just as deep and thick, but tighter and cleaner so you can “hear the frequencies better” rather than have any frequencies “muddy” up other frequencies and cross lines. It’s’ an audio engineering thing. lol. But even those people may appreciate just how awesome these sound in the low end especially come movie watching time (you can still clearly hear vocals and high end without the boomy bass muddying what people are saying).
Read more
The AirPods Max exceeded my expectations from the very first moment. The sound quality is impressive: deep bass, balanced mids, and crisp highs. The noise cancellation is one of the best I’ve experienced — it truly isolates you even in very noisy environments.Comfort is another highlight. The ear cushions are soft, the headband distributes the weight well, and I can use them for hours without discomfort. The connection with Apple devices is instant and stable, and the Transparency Mode feels very natural.Although the price is high, the quality is noticeable in every detail. If you’re looking for a premium audio experience and long-lasting headphones, they are definitely worth the investment.
Read more
Cara, simplesmente perfeito. Não tenho oque reclamar e o melhor fone que já experimentei e outra que eu uso diversos fones da marcas ótimas
Read more
These headphones are absolutely worth it. The sound quality is rich and balanced, noise cancellation works extremely well, and the transparency mode feels natural. They are comfortable to wear for long periods and the build quality feels very premium. Battery life has been solid and pairing with Apple devices is seamless. The green color looks great too. Very happy with this purchase and highly recommend.
Read more
The media could not be loaded.
                



O case para guardar é muito ruim
Read more
Creo que la mayor incertidumbre de comprar estos se debe al precio y las competencias con precios mucho más accesibles, uno de los mas fuertes son los XM4 de Sony.Mi opinión sobre los Airpods Max teniendo experiencia con los XM4:Definitivamente debes tener un dispositivo Apple para considerar la compra de los Airpods Max. Si no cuentas con un iPhone, iPad o Mac ve y busca otras opciones.1. Presentación:- No hay mucho que decir, los mejores de la gama. Calidad de los materiales bastante premium.- En cuanto el estuche, una desgracia.2. Comodidad:- Son pesados, pero al utilizarlos se distribuye muy bien el peso siempre y cuando no se haga mucho movimiento en la cabeza.- Las almohadillas son reemplazables lo cual es muy bueno que hasta se puede personalizar los colores, son cómodas pero prefiero el material suave de los XM4. Eso sí, creo que cubre mas mi oído los Airpods Max.- 2 botones efectivos, uno de ellos es una coronilla para subir y bajar el volumen. Nada mejor que estos botones físicos los cuales aseguran una buena funcionalidad aparte en una ubicación bastante apropiada.3. TecnologíaDesde aquí adelanto que es el mejor apartado de los Airpods Max.- Ecualizador adaptativo, esto permite tener una fidelidad a como las canciones deben ser escuchadas.- Noise Cancelling/Transparencia: Peleados por el reinato contra los XM4 de Sony. Puedo decir que los Airpods se llevan la victoria, para el noise cancelling no es una gran diferencia pero para el modo transparencia simplemente nadie supera a Apple, una cosa espectacular.- Spatial Audio: Una maravilla al momento de ver series y películas compatibles, ésta tecnología integrada por Apple es única y ahora con la llegada de la compatibilidad con Apple Music y Dolby Atmos no tiene rival. El sonido 360° de Sony queda en ridículo.- Ecosistema de Apple: la fluidez de sincronizarlos y utilizarlos de inmediato con tus demás dispositivos Apple es el paraíso del mundo del Bluetooth. No existe ninguna otra compañía que te ofrezca la calidad conectividad  como lo hace Apple.Calidad de audio:(Apple Music como mi servicio de comparación)El punto más importante  pero puedo resumirlo fácilmente.En efecto, los AirPods Max tienen una calidad bastante buena y sí, superior ante los XM4. Que tanto? Diría que un 10-15% más, a que se debe este %?- Claridad y nitidez del sonido, un audio más limpio y sin distorsiones.- Los Airpods Max estan hechos para adaptarse a la música que se reproduce y por ende permite tener un sonido personalizado para cada canción. Otros audifonos se ajustan a la configuración predeterminada y quizás esos ajustes no sean lo mejor al escuchar otros géneros.- Al tener un balance los sonidos más beneficiados son los medios, así que si esperas unos graves robustos como ofrecen los Sony lamento decir que no serán así. Sí, tienen buenos graves pero no tan predominantes como muchas personas quisieran. Se podrán hacer ajustes dentro de la aplicación del servicio de música pero no directamente a los audífonos como lo es con los XM4 o los Bose 700. En mi opinión, prefiero más los sonidos como los artistas quieren que ma gente los escuche, así que prefiero la forma en que Apple lo hace.En lo personal creo que los Airpods son una excelente opción para aquellos que tienen la oportunidad de pagarlos, que pueda sacarle provecho al ecosistema y que igualmente estén suscritos al servicio de Apple Music por las grandes novedades que tendrá y las ventajas que tendrán los Airpods Max, dándole más justificación a la compra.Si no te interesa tanto el ecosistema y las funcionalidades que ofrecen los Max, no vale el precio extra al menos no por ese 10-15% de mejor calidad ante su mayor rival, los Sony XM4 que por cierto estan a la mitad del precio...
Read more
Desde hace tiempo quería comprarme unos AirPods Max y por fin me aventé a hacer la compra. Me la pensé mucho en hacerlo porque ya tenía unos AirPods Pro 2 y unos Bose QuietComfort II, así que ya teniendo un par in-ear y uno over-ear, no veía sentido comprar otros más.Así que voy a compartir mi experiencia con los AirPods Max, comparativa con otros audífonos, así como los pros y contras para que puedan decidir si este producto es o no para ustedes.-Primera impresión: como siempre, usar un producto de Apple es una experiencia única, desde abrir el paquete hasta el pairing y el uso intuitivo que ofrecen los productos. Fue fácil conectarlos a mi iPhone y en consecuencia a cada uno de mis productos, iPad, MacBook e incluso con el Apple TV. Así que si eres alguien que ha invertido en el ecosistema de Apple, en definitiva vas a tener una experiencia agradable con ellos.-Sonido: tienen un sonido muy agradable, con un rango amplio para bajos, medios y agudos, todo muy bien equilibrado y ecualizado. Los agudos no lastiman, los medios no se pierden y los bajos no retumban en tu cabeza. Si buscas bajos muy potentes, puede que estos no sean para ti, sus bajos son ricos y profundos pero para nada exagerados. La fidelidad del audio es espectacular y el audio espacial hacen de ellos una belleza.-Comfort: son pesados, ya que están hechos de aluminio y el marco es de metal, pero la banda ayuda bastante a que se distribuya muy bien el peso, no molestan y es fácil usarlos por horas pero definitivamente vas a notar el peso. Las almohadillas son bastante cómodas y al ser de tela son transpirables, lo que ayuda mucho a no sentir calor en las orejas. Su uso es bastante intuitivo ya que solo tienes el Digital Crown, que se puede personalizar para cambiar el volumen en una u otra direccion, también funciona como botón para pausar o adelantar canciones e interactuar con Siri, y tienes un segundo botón para activar o desactivar el Noise Cancelling.-Active Noise Cancelling: en definitiva el ANC de Apple es uno de los mejores de su clase en el mercado, muchos ex-retos incluso dicen que el mejor, pero ahí si tengo mis dudas. Para empezar, tanto mis AirPods Pro 2 como mis Bose QC35 II tienen ANC y de todos estos el que mejor cancelación brinda, al menos desde mi experiencia, es el de Bose. El de Apple no es malo, es muy bueno pero con Bose no escuchaba absolutamente nada del exterior, incluso los AirPods Pro 2 me dieron una mejor experiencia de ANC comparados con los Max, ya que al ser in-ear, tienen un mejor sello para evitar que entre el ruido exterior, mientras que los Bose al ser over-ear y tener almohadillas de vini-piel, sellaban muy bien. Los AirPods Max por otro lado si dejan entrar ruido exterior, cuando se está reproduciendo música no vas a notar el ruido externo, ya que hace un muy buen trabajo tapándolo, pero al pausar la música si vas a escuchar tu entorno, aunque muy leve, cosa que no pasa con los otros dos.ProsSi ya estás metido en el ecosistema de Apple son una excelente adición, pasar de un dispositivo a otro es muy fácil y tienen un gran sonido con un muy buen ANC, aunque no el mejor, según mi opinión.ContrasSon caros y no necesariamente los mejores del mercado, si ya tienes otros audífonos over-ear como unos Sony o unos Bose, no vale la pena el cambio. No me malinterpretes, son buenos audífonos pero si ya tienes unos de esas marcar, no vas a ganar nada al hacer el cambio. Además aún no cuentan con adaptive audio mientras que los AirPods Pro 2 ya lo tienen, tampoco tienen un chip de ubicación precisa para localizarlos usando “Find My”Disculpen lo extenso de la reseña pero espero que les ayude a tomar una decisión sobre si estos audífonos son o no para ti. Intenté enfocarme en las cosas que yo me fijo a la hora de comprar unos audífonos. En definitiva me encantan y ahora que ya no tengo los Bose la vdd es que estos me cayeron muy bien, pero estoy muy consciente que no son para todos.
Read more"
